id;code;name;status;create_date;create_name;update_date;update_name
1;Table;open-source;false;2022-05-17T17:06:37;transmit;2022-05-17T19:32:34;metrics e-commerce Fresh
2;programming orchestrate Nevada;Belarussian fuchsia Soap;false;2022-05-17T18:22:33;killer red;2022-05-18T03:24:08;Washington
3;mesh methodologies Realigned;Chicken Overpass;true;2022-05-18T00:32:16;Fresh;2022-05-18T04:14:35;visionary
4;compress;plug-and-play;false;2022-05-17T16:54:37;bypass;2022-05-18T02:11:25;payment
5;throughput Berkshire Tonga;Forks open-source;true;2022-05-18T15:44:25;XML Web;2022-05-18T09:07:52;Avon
6;azure;feed Kids;false;2022-05-18T13:12:52;Computers synergistic blue;2022-05-17T18:30:49;Verde Islands Tasty
7;empower;Sleek Public-key;false;2022-05-17T18:48:38;Armenian;2022-05-18T09:36:52;Agent circuit
8;6th;UIC-Franc;true;2022-05-18T02:26:24;auxiliary Buckinghamshire help-desk;2022-05-17T18:06:26;Granite frame Borders
9;hacking;methodologies Human protocol;false;2022-05-18T13:45:34;cross-platform South teal;2022-05-18T15:59:02;quantify
10;quantify Metal Lead;Handmade;false;2022-05-18T14:31:50;Tunisian;2022-05-18T12:20:03;Avon turquoise Berkshire
