id;link_code;path;create_date;create_name
1;Cambridgeshire International;Dollar Spurs Front-line;2022-05-18T02:12:28;SCSI
2;Supervisor flexibility;auxiliary Legacy;2022-05-17T23:21:02;indexing
3;Wooden Station HDD;Books Pre-emptive;2022-05-18T04:55:32;users utilisation Central
4;Mobility Thailand engine;Up-sized Quality;2022-05-18T06:20:08;optical Islands
5;flexibility;Wooden;2022-05-18T02:15:25;web FTP
6;archive pixel optimize;Mouse navigate;2022-05-17T19:20:46;Pants Pitcairn
7;Manager;SDD Leu;2022-05-17T16:24:59;Frozen mindshare
8;Cheese gold;e-services Computers Wyoming;2022-05-17T18:22:06;Security Account Grocery
9;Fresh;Facilitator primary;2022-05-17T22:40:04;deposit
10;Idaho;invoice protocol;2022-05-17T21:38:42;maroon time-frame
