id;user_code;name;phone;email;address;note;status;order_date
1;overriding;Sports;783.212.7205 x496;Brayan5@gmail.com;Music haptic Viaduct;Functionality empowering;75757;2022-05-17T20:03:26
2;bricks-and-clicks mission-critical;payment access lime;838.959.5437 x018;Trystan41@yahoo.com;deposit;synergistic;24774;2022-05-18T06:20:57
3;Cambridgeshire impactful;Borders;(581) 851-4468 x534;Dagmar_Ondricka@hotmail.com;Cambridgeshire;dynamic withdrawal Internal;44640;2022-05-18T12:10:37
4;Fantastic Electronics;Row capacity Loan;637.709.4630;Harmon_Lockman25@yahoo.com;Keyboard compress;Alaska reboot;85607;2022-05-18T10:56:10
5;calculate Avon vortals;e-business;(923) 845-1831;Marcia10@yahoo.com;Small;Berkshire Account digital;24748;2022-05-18T10:11:35
6;Web;Rubber Alabama;1-915-613-7967 x796;Anastacio.OKon36@gmail.com;Cambridgeshire Handcrafted;Beauty Cambridgeshire;28027;2022-05-18T05:27:28
7;index;array mint withdrawal;445.926.5471;Nova.Schaefer98@gmail.com;Islands Michigan Guadeloupe;Pants;41427;2022-05-17T18:46:40
8;e-tailers Malta generation;back-end;1-931-410-4010 x2775;Parker.Johnston51@gmail.com;Cotton;RAM Berkshire;50707;2022-05-18T03:32:37
9;CSS;Persistent Granite Incredible;707.798.1584 x5822;Alverta.Bogan@gmail.com;Berkshire District Table;Massachusetts;64982;2022-05-17T17:15:57
10;Madagascar indexing Identity;Home;882-651-9564 x4670;Nicole92@hotmail.com;Kansas Kuwait methodology;firewall Frozen;16207;2022-05-17T17:03:49
